"","MSA","MSA_max","MSA_min","buffer","buffer_max","buffer_min"
"1",84.6588902756556,439.761079663253,2.26335310058763,0.153411097243444,0.1,0.977366468994124
