"","MSA","MSA_max","MSA_min","buffer","buffer_max","buffer_min"
"1",18.6526442297191,63.9704849944074,0.527990054986405,0.813473557702809,0.360295150055926,0.994720099450136
