"","MSA","buffer_factor"
"1",80.3247709834077,0.196752290165923
