"","MSA","MSA_max","MSA_min","buffer","buffer_max","buffer_min"
"1",5.42889762839556,34.860765958845,1.52777592297413,0.945711023716044,0.65139234041155,0.984722240770259
