"","MSA","buffer_factor"
"1",18.866600560326,0.81133399439674
