"","MSA","MSA_max","MSA_min","buffer","buffer_max","buffer_min"
"1",30.5747985020667,365.687264506658,7.4612312517341,0.694252014979333,0.1,0.925387687482659
