"","MSA","buffer_factor"
"1",26.3845917350725,0.736154082649275
