"","MSA","buffer_factor"
"1",24.0712822112943,0.759287177887057
