"","MSA","MSA_max","MSA_min","buffer","buffer_max","buffer_min"
"1",0.622920480500766,49.9383144194489,0,0.993770795194992,0.500616855805512,1
