"","MSA","MSA_max","MSA_min","buffer","buffer_max","buffer_min"
"1",52.752042252858,1960937629461130752,0,0.47247957747142,0.1,1
