"","MSA","MSA_max","MSA_min","buffer","buffer_max","buffer_min"
"1",6.00593925008013,31.7035917623,0.523732050865777,0.939940607499199,0.682964082377,0.994762679491342
