"","MSA","MSA_max","MSA_min","buffer","buffer_max","buffer_min"
"1",32.3643034758509,155.685388741919,3.66853158087785,0.676356965241491,0.1,0.963314684191221
