"","MSA","buffer_factor"
"1",30.1591603053435,0.698408396946565
