"","MSA","buffer_factor"
"1",73.1638888888889,0.268361111111111
