"","MSA","MSA_max","MSA_min","buffer","buffer_max","buffer_min"
"1",9.05944268844543,31.7035917623,0.523732050865777,0.909405573115546,0.682964082377,0.994762679491342
