"","MSA","MSA_max","MSA_min","buffer","buffer_max","buffer_min"
"1",52.1637223763649,155.685388741919,3.66853158087785,0.478362776236351,0.1,0.963314684191221
