"","MSA","buffer_factor"
"1",27.3154424566063,0.726845575433937
