"","MSA","buffer_factor"
"1",67.0566474876324,0.329433525123676
