"","MSA","buffer_factor"
"1",67.2691951375845,0.327308048624155
