"","MSA","buffer_factor"
"1",54.8997789974772,0.451002210025228
