"","MSA","buffer_factor"
"1",55.9196191383764,0.440803808616236
