"","MSA","buffer_factor"
"1",57.0087361917623,0.429912638082377
