"","MSA","MSA_max","MSA_min","buffer","buffer_max","buffer_min"
"1",4.95599218645688,21.4901275628158,1.53185717644757,0.950440078135431,0.785098724371842,0.984681428235524
