"","MSA","MSA_max","MSA_min","buffer","buffer_max","buffer_min"
"1",26.3845916516362,267.468685508187,6.06745705410385,0.736154083483638,0.1,0.939325429458961
