"","MSA","buffer_factor"
"1",34.6588319097308,0.653411680902692
