"","MSA","buffer_factor"
"1",72.6220743734959,0.273779256265041
